{
  "view_name": "competitive_landscape",
  "cached_at": 1765427611.141123,
  "execution_time": 0.0017819404602050781,
  "row_count": 0,
  "results": []
}