{
  "view_name": "financial_hotspots",
  "cached_at": 1765427611.131152,
  "execution_time": 0.004081010818481445,
  "row_count": 0,
  "results": []
}