{
  "view_name": "product_ecosystem",
  "cached_at": 1765427611.132637,
  "execution_time": 0.0012018680572509766,
  "row_count": 0,
  "results": []
}