{
  "view_name": "regulatory_network",
  "cached_at": 1765427611.1390579,
  "execution_time": 0.006255149841308594,
  "row_count": 0,
  "results": []
}