{
  "view_name": "risk_dashboard",
  "cached_at": 1765427611.126749,
  "execution_time": 0.011446237564086914,
  "row_count": 0,
  "results": []
}