{
  "view_name": "risk_exposure_map",
  "cached_at": 1765427611.142252,
  "execution_time": 0.0009388923645019531,
  "row_count": 0,
  "results": []
}