{
  "view_name": "temporal_insights",
  "cached_at": 1765427611.144038,
  "execution_time": 0.0016560554504394531,
  "row_count": 0,
  "results": []
}