{
  "view_name": "top_hubs",
  "cached_at": 1765427611.1149619,
  "execution_time": 0.012074947357177734,
  "row_count": 0,
  "results": []
}